asset,HAR QLIKE,HARQ QLIKE,HARQSigned QLIKE,HARQ/HAR ratio,HARQSigned/HARQ ratio
"SPX (pre-pub, SP500RM)",0.1521631442269816,0.133420589735997,0.1272799593182959,0.8768259253171954,0.953975391430575
BTC (2019-2024),0.3853652439827444,0.3582166558920195,0.4235726402335657,0.9295510207144146,1.182448200737062
ETH (2019-2024),0.35738734003214256,0.33161397401489306,0.3401162420582843,0.9278839423496884,1.025639052360952
