,Pre-publication,Post-pub calm,COVID onset,Post-COVID / 2022+
HAR,0.14946815569268182,0.2615224640619763,,
HARJ,0.14512311129657895,0.25921515647992327,,
SHAR,0.129636206713766,,,
HARQ,0.13139885445338004,0.26890640830414353,,
HARQ_F,0.12840196517692948,0.3035315886160827,,
CHAR,0.147098840663482,0.26817018815066684,,
HARQSigned,0.1255688898369345,,,
